,summary,config,name
0,"{'_runtime': 41.811483423, '_step': 6, '_timestamp': 1742227872.7350247, '_wandb': {'runtime': 41}, 'epoch': 5, 'epochs_completed': 5, 'test_accuracy': 0.1, 'test_loss': 3.2542590997391487, 'train_accuracy': 0.09920370370370372, 'train_loss': 3.2536483674465844, 'val_accuracy': 0.10716666666666666, 'val_loss': 3.252988170092846}","{'epochs': 5, 'optimizer': 'adam', 'activation': 'sigmoid', 'batch_size': 64, 'weight_init': 'xavier', 'trial_number': 1, 'weight_decay': 0.01955085154511463, 'hidden_layers': [128, 128, 128, 128, 128], 'learning_rate': 0.0004130269534653385}",opt_unknown_lyr_unknown_act_unknown_lr_0.0e+00_bs_0
1,"{'_runtime': 40.833996357, '_step': 11, '_timestamp': 1742227916.209001, '_wandb': {'runtime': 40}, 'epoch': 10, 'epochs_completed': 10, 'test_accuracy': 0.7785, 'test_loss': 1.215319821619656, 'train_accuracy': 0.7857407407407407, 'train_loss': 1.1999737157042685, 'val_accuracy': 0.7883333333333333, 'val_loss': 1.1859996889150264}","{'epochs': 10, 'optimizer': 'rmsprop', 'activation': 'tanh', 'batch_size': 64, 'weight_init': 'xavier', 'trial_number': 2, 'weight_decay': 0.04569917710375134, 'hidden_layers': [64, 64, 64, 64], 'learning_rate': 0.00013175884993344174}",opt_unknown_lyr_unknown_act_unknown_lr_0.0e+00_bs_0
2,{},"{'epochs': 10, 'optimizer': 'nadam', 'activation': 'sigmoid', 'batch_size': 32, 'weight_init': 'xavier', 'trial_number': 3, 'weight_decay': 0.0011931784176440765, 'hidden_layers': [128, 128, 128, 128, 128], 'learning_rate': 0.00016053778390478677}",opt_unknown_lyr_unknown_act_unknown_lr_0.0e+00_bs_0
3,"{'_runtime': 25.500775963, '_step': 11, '_timestamp': 1742228062.1878712, '_wandb': {'runtime': 25}, 'epoch': 10, 'epochs_completed': 10, 'test_accuracy': 0.1, 'test_loss': 3.2508312747308383, 'train_accuracy': 0.10018518518518518, 'train_loss': 3.2508543960828007, 'val_accuracy': 0.09833333333333331, 'val_loss': 3.2508687271881853}","{'epochs': 10, 'optimizer': 'nag', 'activation': 'relu', 'batch_size': 64, 'weight_init': 'xavier', 'trial_number': 0, 'weight_decay': 0.303052254649726, 'hidden_layers': [64, 64, 64, 64], 'learning_rate': 0.0005302701134120091}",opt_nag_lyr_medium_act_relu_lr_5.3e-04_bs_64
4,"{'_runtime': 30.484271664, '_step': 11, '_timestamp': 1742228095.1346126, '_wandb': {'runtime': 30}, 'epoch': 10, 'epochs_completed': 10, 'test_accuracy': 0.1, 'test_loss': 3.2509812039910067, 'train_accuracy': 0.10018518518518518, 'train_loss': 3.2513247201337716, 'val_accuracy': 0.09833333333333331, 'val_loss': 3.251153647850648}","{'epochs': 10, 'optimizer': 'momentum', 'activation': 'sigmoid', 'batch_size': 64, 'weight_init': 'random', 'trial_number': 1, 'weight_decay': 0.48449994895974346, 'hidden_layers': [64, 64, 64, 64], 'learning_rate': 0.0008262365426745652}",opt_momentum_lyr_medium_act_sigmoid_lr_8.3e-04_bs_64
5,"{'_runtime': 47.290360632, '_step': 6, '_timestamp': 1742228144.3445148, '_wandb': {'runtime': 47}, 'epoch': 5, 'epochs_completed': 5, 'test_accuracy': 0.1, 'test_loss': 3.2508768172998432, 'train_accuracy': 0.10074074074074074, 'train_loss': 3.250962093405477, 'val_accuracy': 0.09333333333333334, 'val_loss': 3.25103321799848}","{'epochs': 5, 'optimizer': 'adam', 'activation': 'relu', 'batch_size': 32, 'weight_init': 'random', 'trial_number': 2, 'weight_decay': 0.029036078013786656, 'hidden_layers': [128, 128, 128, 128, 128], 'learning_rate': 0.0007170428499574581}",opt_adam_lyr_large_act_relu_lr_7.2e-04_bs_32
6,"{'_runtime': 100.01846059, '_step': 11, '_timestamp': 1742228246.3186812, '_wandb': {'runtime': 100}, 'epoch': 10, 'epochs_completed': 10, 'test_accuracy': 0.1, 'test_loss': 3.2508315374988244, 'train_accuracy': 0.10074074074074074, 'train_loss': 3.2508448769810214, 'val_accuracy': 0.09333333333333334, 'val_loss': 3.250872890670511}","{'epochs': 10, 'optimizer': 'nadam', 'activation': 'relu', 'batch_size': 32, 'weight_init': 'xavier', 'trial_number': 3, 'weight_decay': 0.3509826449833355, 'hidden_layers': [128, 128, 128, 128, 128], 'learning_rate': 0.00010967566131101173}",opt_nadam_lyr_large_act_relu_lr_1.1e-04_bs_32
7,"{'_runtime': 20.519777724, '_step': 11, '_timestamp': 1742228268.9850616, '_wandb': {'runtime': 20}, 'epoch': 10, 'epochs_completed': 10, 'test_accuracy': 0.1, 'test_loss': 3.250834844445251, 'train_accuracy': 0.10074074074074074, 'train_loss': 3.2508654416256064, 'val_accuracy': 0.09333333333333334, 'val_loss': 3.2509458431797467}","{'epochs': 10, 'optimizer': 'nadam', 'activation': 'relu', 'batch_size': 32, 'weight_init': 'random', 'trial_number': 4, 'weight_decay': 0.025499949042874098, 'hidden_layers': [32, 32, 32], 'learning_rate': 0.00016496944078207645}",opt_nadam_lyr_small_act_relu_lr_1.6e-04_bs_32
8,"{'_runtime': 45.954688189, '_step': 6, '_timestamp': 1742228317.357838, '_wandb': {'runtime': 45}, 'epoch': 5, 'epochs_completed': 5, 'test_accuracy': 0.858, 'test_loss': 0.6954431485706962, 'train_accuracy': 0.8714444444444445, 'train_loss': 0.6967799097116754, 'val_accuracy': 0.8661666666666666, 'val_loss': 0.645340309489452}","{'epochs': 5, 'optimizer': 'rmsprop', 'activation': 'tanh', 'batch_size': 64, 'weight_init': 'xavier', 'trial_number': 5, 'weight_decay': 0.0020662946764729213, 'hidden_layers': [128, 128, 128, 128, 128], 'learning_rate': 0.0004895514554251787}",opt_rmsprop_lyr_large_act_tanh_lr_4.9e-04_bs_64
9,"{'_runtime': 25.447336322, '_step': 10, '_timestamp': 1742228345.959339, '_wandb': {'runtime': 25}, 'epoch': 10, 'pruned': True, 'train_accuracy': 0.10074074074074074, 'train_loss': 3.250847333897515, 'val_accuracy': 0.09333333333333334, 'val_loss': 3.2508717517612578}","{'epochs': 10, 'optimizer': 'rmsprop', 'activation': 'relu', 'batch_size': 64, 'weight_init': 'random', 'trial_number': 6, 'weight_decay': 0.3047770736518384, 'hidden_layers': [64, 64, 64, 64], 'learning_rate': 0.0001394193237554194}",opt_rmsprop_lyr_medium_act_relu_lr_1.4e-04_bs_64
10,"{'_runtime': 41.877398778, '_step': 6, '_timestamp': 1742228390.0872133, '_wandb': {'runtime': 41}, 'epoch': 5, 'epochs_completed': 5, 'test_accuracy': 0.1, 'test_loss': 3.253457827218195, 'train_accuracy': 0.09920370370370372, 'train_loss': 3.2530743479779933, 'val_accuracy': 0.10716666666666666, 'val_loss': 3.252411468666966}","{'epochs': 5, 'optimizer': 'nadam', 'activation': 'sigmoid', 'batch_size': 64, 'weight_init': 'xavier', 'trial_number': 7, 'weight_decay': 0.01374087995100704, 'hidden_layers': [128, 128, 128, 128, 128], 'learning_rate': 0.00026568489979964384}",opt_nadam_lyr_large_act_sigmoid_lr_2.7e-04_bs_64
11,"{'_runtime': 85.019862249, '_step': 6, '_timestamp': 1742228487.607218, '_wandb': {'runtime': 85}, 'epoch': 5, 'epochs_completed': 5, 'test_accuracy': 0.1, 'test_loss': 3.2508405085614926, 'train_accuracy': 0.10074074074074074, 'train_loss': 3.2508884329541186, 'val_accuracy': 0.09333333333333334, 'val_loss': 3.250996091915856}","{'epochs': 5, 'optimizer': 'nadam', 'activation': 'tanh', 'batch_size': 16, 'weight_init': 'random', 'trial_number': 8, 'weight_decay': 0.0014975051045915111, 'hidden_layers': [128, 128, 128, 128, 128], 'learning_rate': 0.00015278956705937392}",opt_nadam_lyr_large_act_tanh_lr_1.5e-04_bs_16
12,"{'_runtime': 88.926758127, '_step': 11, '_timestamp': 1742228578.394786, '_wandb': {'runtime': 88}, 'epoch': 10, 'epochs_completed': 10, 'test_accuracy': 0.1, 'test_loss': 3.252074460144021, 'train_accuracy': 0.10074074074074074, 'train_loss': 3.252631841579701, 'val_accuracy': 0.09333333333333334, 'val_loss': 3.253231038008898}","{'epochs': 10, 'optimizer': 'nadam', 'activation': 'sigmoid', 'batch_size': 64, 'weight_init': 'random', 'trial_number': 9, 'weight_decay': 0.015657583553610094, 'hidden_layers': [128, 128, 128, 128, 128], 'learning_rate': 0.00026770589500685517}",opt_nadam_lyr_large_act_sigmoid_lr_2.7e-04_bs_64
13,"{'_runtime': 13.007725284, '_step': 6, '_timestamp': 1742228593.2402956, '_wandb': {'runtime': 13}, 'epoch': 5, 'epochs_completed': 5, 'test_accuracy': 0.864, 'test_loss': 0.6659217270910811, 'train_accuracy': 0.883537037037037, 'train_loss': 0.6032495782511212, 'val_accuracy': 0.8763333333333333, 'val_loss': 0.6157233982091329}","{'epochs': 5, 'optimizer': 'rmsprop', 'activation': 'tanh', 'batch_size': 16, 'weight_init': 'xavier', 'trial_number': 10, 'weight_decay': 0.00018002651468292233, 'hidden_layers': [32, 32, 32], 'learning_rate': 0.0004141867589492633}",opt_rmsprop_lyr_small_act_tanh_lr_4.1e-04_bs_16
14,"{'_runtime': 13.958865596, '_step': 6, '_timestamp': 1742228609.511318, '_wandb': {'runtime': 13}, 'epoch': 5, 'epochs_completed': 5, 'test_accuracy': 0.8651, 'test_loss': 0.6619345682854127, 'train_accuracy': 0.8853148148148148, 'train_loss': 0.5987782757304491, 'val_accuracy': 0.8775, 'val_loss': 0.6117442049654165}","{'epochs': 5, 'optimizer': 'rmsprop', 'activation': 'tanh', 'batch_size': 16, 'weight_init': 'xavier', 'trial_number': 11, 'weight_decay': 0.00010870279303813947, 'hidden_layers': [32, 32, 32], 'learning_rate': 0.00044544726342228}",opt_rmsprop_lyr_small_act_tanh_lr_4.5e-04_bs_16
15,"{'_runtime': 10.180422266, '_step': 6, '_timestamp': 1742228621.9973395, '_wandb': {'runtime': 10}, 'epoch': 5, 'epochs_completed': 5, 'test_accuracy': 0.7374, 'test_loss': 1.343533038822036, 'train_accuracy': 0.7480370370370371, 'train_loss': 1.3646678758097446, 'val_accuracy': 0.7501666666666666, 'val_loss': 1.311806605560621}","{'epochs': 5, 'optimizer': 'sgd', 'activation': 'tanh', 'batch_size': 16, 'weight_init': 'xavier', 'trial_number': 12, 'weight_decay': 0.0001237389384903645, 'hidden_layers': [32, 32, 32], 'learning_rate': 0.0004087689798200431}",opt_sgd_lyr_small_act_tanh_lr_4.1e-04_bs_16
16,"{'_runtime': 13.150262095, '_step': 6, '_timestamp': 1742228638.1941223, '_wandb': {'runtime': 13}, 'epoch': 5, 'epochs_completed': 5, 'test_accuracy': 0.8622, 'test_loss': 0.6742232402917517, 'train_accuracy': 0.8807777777777778, 'train_loss': 0.6062586256572029, 'val_accuracy': 0.876, 'val_loss': 0.6245219766753382}","{'epochs': 5, 'optimizer': 'rmsprop', 'activation': 'tanh', 'batch_size': 16, 'weight_init': 'xavier', 'trial_number': 13, 'weight_decay': 0.00010725870331379576, 'hidden_layers': [32, 32, 32], 'learning_rate': 0.0003437464004241696}",opt_rmsprop_lyr_small_act_tanh_lr_3.4e-04_bs_16
17,"{'_runtime': 12.403533388, '_step': 6, '_timestamp': 1742228652.1334348, '_wandb': {'runtime': 12}, 'epoch': 5, 'epochs_completed': 5, 'test_accuracy': 0.8664, 'test_loss': 0.6614234809927297, 'train_accuracy': 0.884962962962963, 'train_loss': 0.6122844178114755, 'val_accuracy': 0.8793333333333333, 'val_loss': 0.6109241484897163}","{'epochs': 5, 'optimizer': 'rmsprop', 'activation': 'tanh', 'batch_size': 16, 'weight_init': 'xavier', 'trial_number': 14, 'weight_decay': 0.0004302724914521242, 'hidden_layers': [32, 32, 32], 'learning_rate': 0.0006110806582287423}",opt_rmsprop_lyr_small_act_tanh_lr_6.1e-04_bs_16
18,"{'_runtime': 14.798750298, '_step': 6, '_timestamp': 1742228668.4624655, '_wandb': {'runtime': 14}, 'epoch': 5, 'epochs_completed': 5, 'test_accuracy': 0.8649, 'test_loss': 0.6640323604940066, 'train_accuracy': 0.8845, 'train_loss': 0.6185637808034594, 'val_accuracy': 0.878, 'val_loss': 0.6114401454789089}","{'epochs': 5, 'optimizer': 'rmsprop', 'activation': 'tanh', 'batch_size': 16, 'weight_init': 'xavier', 'trial_number': 15, 'weight_decay': 0.0005460708279365574, 'hidden_layers': [32, 32, 32], 'learning_rate': 0.0006543872453780392}",opt_rmsprop_lyr_small_act_tanh_lr_6.5e-04_bs_16
19,"{'_runtime': 10.367129478, '_step': 6, '_timestamp': 1742228687.2522256, '_wandb': {'runtime': 10}, 'epoch': 5, 'epochs_completed': 5, 'test_accuracy': 0.7637, 'test_loss': 1.1920642396694745, 'train_accuracy': 0.7757777777777778, 'train_loss': 1.2036879677676726, 'val_accuracy': 0.7765, 'val_loss': 1.155716755411797}","{'epochs': 5, 'optimizer': 'sgd', 'activation': 'tanh', 'batch_size': 16, 'weight_init': 'xavier', 'trial_number': 16, 'weight_decay': 0.0005792030567752962, 'hidden_layers': [32, 32, 32], 'learning_rate': 0.000611822777555756}",opt_sgd_lyr_small_act_tanh_lr_6.1e-04_bs_16
20,"{'_runtime': 11.550799027, '_step': 6, '_timestamp': 1742228700.404941, '_wandb': {'runtime': 11}, 'epoch': 5, 'epochs_completed': 5, 'test_accuracy': 0.8556, 'test_loss': 0.7095189025335377, 'train_accuracy': 0.8724259259259259, 'train_loss': 0.650712364133019, 'val_accuracy': 0.8648333333333333, 'val_loss': 0.6609475321366146}","{'epochs': 5, 'optimizer': 'nag', 'activation': 'tanh', 'batch_size': 16, 'weight_init': 'xavier', 'trial_number': 17, 'weight_decay': 0.0008416415887967978, 'hidden_layers': [32, 32, 32], 'learning_rate': 0.0009873974565592935}",opt_nag_lyr_small_act_tanh_lr_9.9e-04_bs_16
21,"{'_runtime': 12.824040861, '_step': 6, '_timestamp': 1742228716.252767, '_wandb': {'runtime': 12}, 'epoch': 5, 'epochs_completed': 5, 'test_accuracy': 0.846, 'test_loss': 0.7651288764385666, 'train_accuracy': 0.8632777777777778, 'train_loss': 0.7241400329241048, 'val_accuracy': 0.8611666666666666, 'val_loss': 0.7133872345196284}","{'epochs': 5, 'optimizer': 'momentum', 'activation': 'tanh', 'batch_size': 16, 'weight_init': 'xavier', 'trial_number': 18, 'weight_decay': 0.003665815811623525, 'hidden_layers': [32, 32, 32], 'learning_rate': 0.000666455486202445}",opt_momentum_lyr_small_act_tanh_lr_6.7e-04_bs_16
22,"{'_runtime': 16.513862159, '_step': 6, '_timestamp': 1742228740.103827, '_wandb': {'runtime': 16}, 'epoch': 5, 'epochs_completed': 5, 'test_accuracy': 0.8571, 'test_loss': 0.7012389208204027, 'train_accuracy': 0.8759444444444444, 'train_loss': 0.6064992719007228, 'val_accuracy': 0.8663333333333333, 'val_loss': 0.6544187295145952}","{'epochs': 5, 'optimizer': 'adam', 'activation': 'tanh', 'batch_size': 16, 'weight_init': 'xavier', 'trial_number': 19, 'weight_decay': 0.0004441404736797826, 'hidden_layers': [32, 32, 32], 'learning_rate': 0.0009599427519747662}",opt_adam_lyr_small_act_tanh_lr_9.6e-04_bs_16
23,"{'_runtime': 12.44122045, '_step': 5, '_timestamp': 1742228760.039664, '_wandb': {'runtime': 12}, 'epoch': 5, 'pruned': True, 'train_accuracy': 0.7917222222222222, 'train_loss': 0.9972417735860264, 'val_accuracy': 0.7988333333333333, 'val_loss': 0.9644864105648376}","{'epochs': 5, 'optimizer': 'rmsprop', 'activation': 'sigmoid', 'batch_size': 16, 'weight_init': 'xavier', 'trial_number': 20, 'weight_decay': 0.00033333420550714056, 'hidden_layers': [32, 32, 32], 'learning_rate': 0.00021998167586725496}",opt_rmsprop_lyr_small_act_sigmoid_lr_2.2e-04_bs_16
24,"{'_runtime': 18.304234805, '_step': 6, '_timestamp': 1742228786.1909647, '_wandb': {'runtime': 18}, 'epoch': 5, 'epochs_completed': 5, 'test_accuracy': 0.8651, 'test_loss': 0.6598372821838706, 'train_accuracy': 0.886, 'train_loss': 0.6043627915076686, 'val_accuracy': 0.8781666666666667, 'val_loss': 0.6093680859760804}","{'epochs': 5, 'optimizer': 'rmsprop', 'activation': 'tanh', 'batch_size': 16, 'weight_init': 'xavier', 'trial_number': 21, 'weight_decay': 0.00027358754116512773, 'hidden_layers': [32, 32, 32], 'learning_rate': 0.0005278484127805805}",opt_rmsprop_lyr_small_act_tanh_lr_5.3e-04_bs_16
25,"{'_runtime': 14.097782913, '_step': 6, '_timestamp': 1742228808.2951136, '_wandb': {'runtime': 14}, 'epoch': 5, 'epochs_completed': 5, 'test_accuracy': 0.8666, 'test_loss': 0.6592902463224954, 'train_accuracy': 0.8860185185185185, 'train_loss': 0.606119759132761, 'val_accuracy': 0.8786666666666667, 'val_loss': 0.6086953031011597}","{'epochs': 5, 'optimizer': 'rmsprop', 'activation': 'tanh', 'batch_size': 16, 'weight_init': 'xavier', 'trial_number': 22, 'weight_decay': 0.0003036992221478662, 'hidden_layers': [32, 32, 32], 'learning_rate': 0.0005830435325452396}",opt_rmsprop_lyr_small_act_tanh_lr_5.8e-04_bs_16
26,"{'_runtime': 13.407991172, '_step': 6, '_timestamp': 1742228825.6411986, '_wandb': {'runtime': 13}, 'epoch': 5, 'epochs_completed': 5, 'test_accuracy': 0.8663, 'test_loss': 0.6587745647468062, 'train_accuracy': 0.8863703703703704, 'train_loss': 0.603184715850555, 'val_accuracy': 0.8788333333333334, 'val_loss': 0.6084642871837997}","{'epochs': 5, 'optimizer': 'rmsprop', 'activation': 'tanh', 'batch_size': 16, 'weight_init': 'xavier', 'trial_number': 23, 'weight_decay': 0.0002476348262847733, 'hidden_layers': [32, 32, 32], 'learning_rate': 0.000548645508177293}",opt_rmsprop_lyr_small_act_tanh_lr_5.5e-04_bs_16
27,"{'_runtime': 13.185550015, '_step': 6, '_timestamp': 1742228841.8840787, '_wandb': {'runtime': 13}, 'epoch': 5, 'epochs_completed': 5, 'test_accuracy': 0.8595, 'test_loss': 0.6873613351227448, 'train_accuracy': 0.8782777777777778, 'train_loss': 0.6735131382830083, 'val_accuracy': 0.8741666666666666, 'val_loss': 0.6322320179390297}","{'epochs': 5, 'optimizer': 'rmsprop', 'activation': 'tanh', 'batch_size': 16, 'weight_init': 'xavier', 'trial_number': 24, 'weight_decay': 0.0015503821230000718, 'hidden_layers': [32, 32, 32], 'learning_rate': 0.0007842483193898879}",opt_rmsprop_lyr_small_act_tanh_lr_7.8e-04_bs_16
28,"{'_runtime': 20.515513139, '_step': 5, '_timestamp': 1742228864.063873, '_wandb': {'runtime': 20}, 'epoch': 5, 'pruned': True, 'train_accuracy': 0.8506111111111111, 'train_loss': 0.7273435545617631, 'val_accuracy': 0.847, 'val_loss': 0.7501115839398237}","{'epochs': 5, 'optimizer': 'rmsprop', 'activation': 'tanh', 'batch_size': 32, 'weight_init': 'xavier', 'trial_number': 25, 'weight_decay': 0.0045465709978778635, 'hidden_layers': [64, 64, 64, 64], 'learning_rate': 0.0003709454583183381}",opt_rmsprop_lyr_medium_act_tanh_lr_3.7e-04_bs_32
29,"{'_runtime': 13.872318398, '_step': 6, '_timestamp': 1742228879.5585828, '_wandb': {'runtime': 13}, 'epoch': 5, 'epochs_completed': 5, 'test_accuracy': 0.8625, 'test_loss': 0.6728184677363039, 'train_accuracy': 0.8808148148148148, 'train_loss': 0.6353080005746925, 'val_accuracy': 0.8763333333333333, 'val_loss': 0.6214847593829386}","{'epochs': 5, 'optimizer': 'rmsprop', 'activation': 'tanh', 'batch_size': 16, 'weight_init': 'xavier', 'trial_number': 26, 'weight_decay': 0.0010223558085391744, 'hidden_layers': [32, 32, 32], 'learning_rate': 0.0005660117303001677}",opt_rmsprop_lyr_small_act_tanh_lr_5.7e-04_bs_16
30,"{'_runtime': 15.835436164, '_step': 6, '_timestamp': 1742228897.0008357, '_wandb': {'runtime': 15}, 'epoch': 5, 'epochs_completed': 5, 'test_accuracy': 0.8609, 'test_loss': 0.6800905064870227, 'train_accuracy': 0.8832592592592593, 'train_loss': 0.5853845188632227, 'val_accuracy': 0.8693333333333333, 'val_loss': 0.6383223643312073}","{'epochs': 5, 'optimizer': 'adam', 'activation': 'tanh', 'batch_size': 16, 'weight_init': 'xavier', 'trial_number': 27, 'weight_decay': 0.000232406427232169, 'hidden_layers': [32, 32, 32], 'learning_rate': 0.0008321534851229461}",opt_adam_lyr_small_act_tanh_lr_8.3e-04_bs_16
31,"{'_runtime': 11.82806288, '_step': 5, '_timestamp': 1742228910.778643, '_wandb': {'runtime': 11}, 'epoch': 5, 'pruned': True, 'train_accuracy': 0.47275925925925927, 'train_loss': 2.218143897740986, 'val_accuracy': 0.4721666666666667, 'val_loss': 2.206277514640719}","{'epochs': 5, 'optimizer': 'nag', 'activation': 'tanh', 'batch_size': 16, 'weight_init': 'xavier', 'trial_number': 28, 'weight_decay': 0.11896711922175056, 'hidden_layers': [32, 32, 32], 'learning_rate': 0.00029474026087787967}",opt_nag_lyr_small_act_tanh_lr_2.9e-04_bs_16
32,"{'_runtime': 28.806718015, '_step': 10, '_timestamp': 1742228941.3109932, '_wandb': {'runtime': 28}, 'epoch': 10, 'pruned': True, 'train_accuracy': 0.1002962962962963, 'train_loss': 3.248031154963803, 'val_accuracy': 0.09733333333333331, 'val_loss': 3.247511100088816}","{'epochs': 10, 'optimizer': 'momentum', 'activation': 'sigmoid', 'batch_size': 32, 'weight_init': 'xavier', 'trial_number': 29, 'weight_decay': 0.0025475162725621084, 'hidden_layers': [64, 64, 64, 64], 'learning_rate': 0.0004894840142229082}",opt_momentum_lyr_medium_act_sigmoid_lr_4.9e-04_bs_32
33,"{'_runtime': 8.685074578, '_step': 5, '_timestamp': 1742228951.6737144, '_wandb': {'runtime': 8}, 'epoch': 5, 'pruned': True, 'train_accuracy': 0.7859444444444444, 'train_loss': 1.1052072449871433, 'val_accuracy': 0.7895, 'val_loss': 1.0564599192481834}","{'epochs': 5, 'optimizer': 'sgd', 'activation': 'relu', 'batch_size': 16, 'weight_init': 'xavier', 'trial_number': 30, 'weight_decay': 0.0007691386784789905, 'hidden_layers': [32, 32, 32], 'learning_rate': 0.0005725635236446032}",opt_sgd_lyr_small_act_relu_lr_5.7e-04_bs_16
34,"{'_runtime': 12.878268223, '_step': 6, '_timestamp': 1742228967.1649282, '_wandb': {'runtime': 12}, 'epoch': 5, 'epochs_completed': 5, 'test_accuracy': 0.8656, 'test_loss': 0.6590384089985931, 'train_accuracy': 0.8862407407407408, 'train_loss': 0.6033080013638149, 'val_accuracy': 0.8786666666666667, 'val_loss': 0.6086969361076608}","{'epochs': 5, 'optimizer': 'rmsprop', 'activation': 'tanh', 'batch_size': 16, 'weight_init': 'xavier', 'trial_number': 31, 'weight_decay': 0.00025076583525760263, 'hidden_layers': [32, 32, 32], 'learning_rate': 0.0005390517209799329}",opt_rmsprop_lyr_small_act_tanh_lr_5.4e-04_bs_16
35,"{'_runtime': 13.351053112, '_step': 6, '_timestamp': 1742228982.3056617, '_wandb': {'runtime': 13}, 'epoch': 5, 'epochs_completed': 5, 'test_accuracy': 0.866, 'test_loss': 0.6624452584522634, 'train_accuracy': 0.8846111111111111, 'train_loss': 0.6020621002551882, 'val_accuracy': 0.8785, 'val_loss': 0.6123162621055841}","{'epochs': 5, 'optimizer': 'rmsprop', 'activation': 'tanh', 'batch_size': 16, 'weight_init': 'xavier', 'trial_number': 32, 'weight_decay': 0.00020018468951383183, 'hidden_layers': [32, 32, 32], 'learning_rate': 0.00046225158948505214}",opt_rmsprop_lyr_small_act_tanh_lr_4.6e-04_bs_16
36,"{'_runtime': 30.016953605, '_step': 5, '_timestamp': 1742229035.6091986, '_wandb': {'runtime': 30}, 'epoch': 5, 'pruned': True, 'train_accuracy': 0.8757777777777778, 'train_loss': 0.6199122743331613, 'val_accuracy': 0.8641666666666666, 'val_loss': 0.6574628555058705}","{'epochs': 5, 'optimizer': 'rmsprop', 'activation': 'tanh', 'batch_size': 16, 'weight_init': 'xavier', 'trial_number': 33, 'weight_decay': 0.0003854381106430506, 'hidden_layers': [64, 64, 64, 64], 'learning_rate': 0.0007406620415014823}",opt_rmsprop_lyr_medium_act_tanh_lr_7.4e-04_bs_16
37,"{'_runtime': 29.264510932, '_step': 10, '_timestamp': 1742229076.012361, '_wandb': {'runtime': 29}, 'epoch': 10, 'pruned': True, 'train_accuracy': 0.7467037037037038, 'train_loss': 1.369825422882161, 'val_accuracy': 0.7513333333333333, 'val_loss': 1.1895995587383694}","{'epochs': 10, 'optimizer': 'nag', 'activation': 'tanh', 'batch_size': 16, 'weight_init': 'random', 'trial_number': 34, 'weight_decay': 0.00021233355690232852, 'hidden_layers': [32, 32, 32], 'learning_rate': 0.0008631462333923616}",opt_nag_lyr_small_act_tanh_lr_8.6e-04_bs_16
38,"{'_runtime': 9.529788341, '_step': 5, '_timestamp': 1742229097.014568, '_wandb': {'runtime': 9}, 'epoch': 5, 'pruned': True, 'train_accuracy': 0.8716296296296296, 'train_loss': 0.6494202053236984, 'val_accuracy': 0.8668333333333333, 'val_loss': 0.6551696062453034}","{'epochs': 5, 'optimizer': 'rmsprop', 'activation': 'relu', 'batch_size': 32, 'weight_init': 'xavier', 'trial_number': 35, 'weight_decay': 0.0010317628784060242, 'hidden_layers': [32, 32, 32], 'learning_rate': 0.0006275192405876231}",opt_rmsprop_lyr_small_act_relu_lr_6.3e-04_bs_32
39,"{'_runtime': 8.689875151, '_step': 5, '_timestamp': 1742229108.965496, '_wandb': {'runtime': 8}, 'epoch': 5, 'pruned': True, 'train_accuracy': 0.10011111111111112, 'train_loss': 3.2508618155320055, 'val_accuracy': 0.099, 'val_loss': 3.250921229302155}","{'epochs': 5, 'optimizer': 'momentum', 'activation': 'tanh', 'batch_size': 64, 'weight_init': 'random', 'trial_number': 36, 'weight_decay': 0.10029312463822948, 'hidden_layers': [32, 32, 32], 'learning_rate': 0.0007141316090690031}",opt_momentum_lyr_small_act_tanh_lr_7.1e-04_bs_64
40,"{'_runtime': 49.062030458, '_step': 10, '_timestamp': 1742229159.509871, '_wandb': {'runtime': 49}, 'epoch': 10, 'pruned': True, 'train_accuracy': 0.864037037037037, 'train_loss': 0.709900194854017, 'val_accuracy': 0.8571666666666666, 'val_loss': 0.7281504416781208}","{'epochs': 10, 'optimizer': 'rmsprop', 'activation': 'sigmoid', 'batch_size': 16, 'weight_init': 'xavier', 'trial_number': 37, 'weight_decay': 0.00036391759835995214, 'hidden_layers': [64, 64, 64, 64], 'learning_rate': 0.0005489347912541757}",opt_rmsprop_lyr_medium_act_sigmoid_lr_5.5e-04_bs_16
41,"{'_runtime': 52.855404001, '_step': 5, '_timestamp': 1742229214.186129, '_wandb': {'runtime': 52}, 'epoch': 5, 'pruned': True, 'train_accuracy': 0.8650185185185185, 'train_loss': 0.7330745466117392, 'val_accuracy': 0.8626666666666667, 'val_loss': 0.7031117276491583}","{'epochs': 5, 'optimizer': 'adam', 'activation': 'relu', 'batch_size': 32, 'weight_init': 'xavier', 'trial_number': 38, 'weight_decay': 0.006598220492370172, 'hidden_layers': [128, 128, 128, 128, 128], 'learning_rate': 0.0003829915881041131}",opt_adam_lyr_large_act_relu_lr_3.8e-04_bs_32
42,"{'_runtime': 17.969192502, '_step': 10, '_timestamp': 1742229236.752204, '_wandb': {'runtime': 17}, 'epoch': 10, 'pruned': True, 'train_accuracy': 0.8714074074074074, 'train_loss': 0.6295063864886999, 'val_accuracy': 0.8571666666666666, 'val_loss': 0.6949627995729201}","{'epochs': 10, 'optimizer': 'rmsprop', 'activation': 'tanh', 'batch_size': 64, 'weight_init': 'random', 'trial_number': 39, 'weight_decay': 0.00013465821669187875, 'hidden_layers': [32, 32, 32], 'learning_rate': 0.0005046716862023178}",opt_rmsprop_lyr_small_act_tanh_lr_5.0e-04_bs_64
43,"{'_runtime': 14.102088791, '_step': 5, '_timestamp': 1742229252.411131, '_wandb': {'runtime': 14}, 'epoch': 5, 'pruned': True, 'train_accuracy': 0.8791666666666667, 'train_loss': 0.6221524655108872, 'val_accuracy': 0.874, 'val_loss': 0.6309715249387475}","{'epochs': 5, 'optimizer': 'rmsprop', 'activation': 'tanh', 'batch_size': 16, 'weight_init': 'xavier', 'trial_number': 40, 'weight_decay': 0.0006100747792963407, 'hidden_layers': [32, 32, 32], 'learning_rate': 0.00033823040066639006}",opt_rmsprop_lyr_small_act_tanh_lr_3.4e-04_bs_16
44,"{'_runtime': 13.102689173, '_step': 6, '_timestamp': 1742229267.0729902, '_wandb': {'runtime': 13}, 'epoch': 5, 'epochs_completed': 5, 'test_accuracy': 0.8661, 'test_loss': 0.6617264038201884, 'train_accuracy': 0.8848888888888888, 'train_loss': 0.6013090812801535, 'val_accuracy': 0.8785, 'val_loss': 0.6116695030224203}","{'epochs': 5, 'optimizer': 'rmsprop', 'activation': 'tanh', 'batch_size': 16, 'weight_init': 'xavier', 'trial_number': 41, 'weight_decay': 0.0001860483432989498, 'hidden_layers': [32, 32, 32], 'learning_rate': 0.0004674050326713864}",opt_rmsprop_lyr_small_act_tanh_lr_4.7e-04_bs_16
45,"{'_runtime': 13.502476512, '_step': 6, '_timestamp': 1742229284.0821292, '_wandb': {'runtime': 13}, 'epoch': 5, 'epochs_completed': 5, 'test_accuracy': 0.8646, 'test_loss': 0.6652981103970583, 'train_accuracy': 0.884, 'train_loss': 0.6057504232077664, 'val_accuracy': 0.8785, 'val_loss': 0.6147956511529494}","{'epochs': 5, 'optimizer': 'rmsprop', 'activation': 'tanh', 'batch_size': 16, 'weight_init': 'xavier', 'trial_number': 42, 'weight_decay': 0.0002773745288371127, 'hidden_layers': [32, 32, 32], 'learning_rate': 0.0004441006822340355}",opt_rmsprop_lyr_small_act_tanh_lr_4.4e-04_bs_16
46,"{'_runtime': 66.831634157, '_step': 5, '_timestamp': 1742229352.482971, '_wandb': {'runtime': 66}, 'epoch': 5, 'pruned': True, 'train_accuracy': 0.8818703703703704, 'train_loss': 0.6076291532424711, 'val_accuracy': 0.8706666666666667, 'val_loss': 0.6245888790910308}","{'epochs': 5, 'optimizer': 'rmsprop', 'activation': 'tanh', 'batch_size': 16, 'weight_init': 'xavier', 'trial_number': 43, 'weight_decay': 0.0001751994463340428, 'hidden_layers': [128, 128, 128, 128, 128], 'learning_rate': 0.000584482986554187}",opt_rmsprop_lyr_large_act_tanh_lr_5.8e-04_bs_16
47,"{'_runtime': 17.265645406, '_step': 6, '_timestamp': 1742229372.1031172, '_wandb': {'runtime': 17}, 'epoch': 5, 'epochs_completed': 5, 'test_accuracy': 0.8568, 'test_loss': 0.6952425891014106, 'train_accuracy': 0.877537037037037, 'train_loss': 0.6254414841440689, 'val_accuracy': 0.8686666666666667, 'val_loss': 0.6486292645837743}","{'epochs': 5, 'optimizer': 'nadam', 'activation': 'tanh', 'batch_size': 16, 'weight_init': 'xavier', 'trial_number': 44, 'weight_decay': 0.0013987766897825312, 'hidden_layers': [32, 32, 32], 'learning_rate': 0.0006808131903705471}",opt_nadam_lyr_small_act_tanh_lr_6.8e-04_bs_16
48,"{'_runtime': 7.16866532, '_step': 5, '_timestamp': 1742229380.827893, '_wandb': {'runtime': 7}, 'epoch': 5, 'pruned': True, 'train_accuracy': 0.751462962962963, 'train_loss': 1.2744461836110852, 'val_accuracy': 0.7543333333333333, 'val_loss': 1.2044686836114484}","{'epochs': 5, 'optimizer': 'rmsprop', 'activation': 'relu', 'batch_size': 64, 'weight_init': 'random', 'trial_number': 45, 'weight_decay': 0.0001523711263110233, 'hidden_layers': [32, 32, 32], 'learning_rate': 0.0004450159032142178}",opt_rmsprop_lyr_small_act_relu_lr_4.5e-04_bs_64
49,"{'_runtime': 14.221328215, '_step': 5, '_timestamp': 1742229396.6896677, '_wandb': {'runtime': 14}, 'epoch': 5, 'pruned': True, 'train_accuracy': 0.8751296296296296, 'train_loss': 0.6338039546910411, 'val_accuracy': 0.8683333333333333, 'val_loss': 0.6484433768199505}","{'epochs': 5, 'optimizer': 'rmsprop', 'activation': 'tanh', 'batch_size': 16, 'weight_init': 'xavier', 'trial_number': 46, 'weight_decay': 0.0002846378740730633, 'hidden_layers': [32, 32, 32], 'learning_rate': 0.00020110055773148248}",opt_rmsprop_lyr_small_act_tanh_lr_2.0e-04_bs_16
50,"{'_runtime': 43.348787272, '_step': 5, '_timestamp': 1742229441.815834, '_wandb': {'runtime': 43}, 'epoch': 5, 'pruned': True, 'train_accuracy': 0.10074074074074074, 'train_loss': 3.251110251154026, 'val_accuracy': 0.09333333333333334, 'val_loss': 3.2510669401793297}","{'epochs': 5, 'optimizer': 'sgd', 'activation': 'sigmoid', 'batch_size': 16, 'weight_init': 'xavier', 'trial_number': 47, 'weight_decay': 0.0004808882494158549, 'hidden_layers': [128, 128, 128, 128, 128], 'learning_rate': 0.0005151143721325247}",opt_sgd_lyr_large_act_sigmoid_lr_5.2e-04_bs_16
51,"{'_runtime': 28.206604762, '_step': 11, '_timestamp': 1742229471.6218045, '_wandb': {'runtime': 28}, 'epoch': 10, 'epochs_completed': 10, 'test_accuracy': 0.8716, 'test_loss': 0.6380128664508258, 'train_accuracy': 0.8964444444444445, 'train_loss': 0.5407764388053419, 'val_accuracy': 0.8796666666666667, 'val_loss': 0.592185056167939}","{'epochs': 10, 'optimizer': 'rmsprop', 'activation': 'tanh', 'batch_size': 16, 'weight_init': 'xavier', 'trial_number': 48, 'weight_decay': 0.00012243241893688942, 'hidden_layers': [32, 32, 32], 'learning_rate': 0.0004117813426264185}",opt_rmsprop_lyr_small_act_tanh_lr_4.1e-04_bs_16
52,"{'_runtime': 36.471307036, '_step': 10, '_timestamp': 1742229509.994282, '_wandb': {'runtime': 36}, 'epoch': 10, 'pruned': True, 'train_accuracy': 0.8856481481481482, 'train_loss': 0.5747022609695306, 'val_accuracy': 0.8728333333333333, 'val_loss': 0.6233041809777913}","{'epochs': 10, 'optimizer': 'nadam', 'activation': 'tanh', 'batch_size': 16, 'weight_init': 'xavier', 'trial_number': 49, 'weight_decay': 0.00011176610496173272, 'hidden_layers': [32, 32, 32], 'learning_rate': 0.00010301777803895944}",opt_nadam_lyr_small_act_tanh_lr_1.0e-04_bs_16
53,"{'_runtime': 2.472294701, '_step': 0, '_timestamp': 1742230753.5622427, '_wandb': {'runtime': 2}, 'fashion_mnist_grid': {'_type': 'image-file', 'format': 'png', 'height': 500, 'path': 'media/images/fashion_mnist_grid_0_23e1d96e1d6b9c0bfde2.png', 'sha256': '23e1d96e1d6b9c0bfde23bc0e59386d25d84999d912fb2e663fc6525eae81cc8', 'size': 34931, 'width': 1000}}",{},pretty-snow-70
54,"{'_runtime': 67.52374314, '_step': 0, '_timestamp': 1742231955.2463944, '_wandb': {'runtime': 68}, 'test_accuracy': 0.8573, 'test_loss': 0.6804808642671528}","{'epochs': 5, 'optimizer': 'adam', 'activation': 'relu', 'batch_size': 16, 'weight_init': 'xavier', 'weight_decay': 0.00011828729376021434, 'hidden_layers': [128, 128, 128, 128, 128], 'learning_rate': 0.0004137305229308512}",best_model_evaluation
55,"{'_runtime': 75.515795994, '_step': 2, '_timestamp': 1742232051.5522938, '_wandb': {'runtime': 75}, 'confusion_matrix': {'_type': 'image-file', 'format': 'png', 'height': 3218, 'path': 'media/images/confusion_matrix_1_b209073df9364ed06010.png', 'sha256': 'b209073df9364ed06010218e68b0dc2669b70486d157deccbc845533a979906b', 'size': 324105, 'width': 3177}, 'misclassified_examples': {'_type': 'image-file', 'format': 'png', 'height': 1779, 'path': 'media/images/misclassified_examples_2_c12abb35571ec835f772.png', 'sha256': 'c12abb35571ec835f772a77057988f41a61e7a2f433c4d48f3d6245457b5a3a2', 'size': 141630, 'width': 4296}, 'test_accuracy': 0.8573, 'test_loss': 0.6804808642671528}","{'epochs': 5, 'optimizer': 'adam', 'activation': 'relu', 'batch_size': 16, 'weight_init': 'xavier', 'weight_decay': 0.00011828729376021434, 'hidden_layers': [128, 128, 128, 128, 128], 'learning_rate': 0.0004137305229308512}",best_model_evaluation
56,"{'_runtime': 68.500027696, '_step': 3, '_timestamp': 1742232561.874646, '_wandb': {'runtime': 68}, 'class_performance': {'_type': 'image-file', 'format': 'png', 'height': 2367, 'path': 'media/images/class_performance_3_77a93afaafa0d4b69302.png', 'sha256': '77a93afaafa0d4b69302d534788e6ff980e99c9682ec8f456ebf02e2d51bd74b', 'size': 197075, 'width': 4164}, 'confusion_matrix': {'_type': 'image-file', 'format': 'png', 'height': 3218, 'path': 'media/images/confusion_matrix_1_b209073df9364ed06010.png', 'sha256': 'b209073df9364ed06010218e68b0dc2669b70486d157deccbc845533a979906b', 'size': 324105, 'width': 3177}, 'misclassified_examples': {'_type': 'image-file', 'format': 'png', 'height': 1779, 'path': 'media/images/misclassified_examples_2_c12abb35571ec835f772.png', 'sha256': 'c12abb35571ec835f772a77057988f41a61e7a2f433c4d48f3d6245457b5a3a2', 'size': 141630, 'width': 4296}, 'test_accuracy': 0.8573, 'test_loss': 0.6804808642671528}","{'epochs': 5, 'optimizer': 'adam', 'activation': 'relu', 'batch_size': 16, 'weight_init': 'xavier', 'weight_decay': 0.00011828729376021434, 'hidden_layers': [128, 128, 128, 128, 128], 'learning_rate': 0.0004137305229308512}",best_model_evaluation
57,"{'_runtime': 69.268911647, '_step': 6, '_timestamp': 1742233064.4181492, '_wandb': {'runtime': 69}, 'correct_predictions': 8573, 'epoch': 5, 'final_train_accuracy': 0.8794666666666666, 'final_train_loss': 0.5402024864828429, 'loss_function': 'cross_entropy', 'test_accuracy': 0.8573, 'test_loss': 0.6804808642671528, 'total_predictions': 10000, 'train_accuracy': 0.8794666666666666, 'train_loss': 0.5402024864828429}","{'loss': 'cross_entropy', 'epochs': 5, 'optimizer': 'adam', 'activation': 'relu', 'batch_size': 16, 'weight_init': 'xavier', 'weight_decay': 0.00011828729376021434, 'hidden_layers': [128, 128, 128, 128, 128], 'learning_rate': 0.0004137305229308512}",loss_comparison_cross_entropy
58,"{'_runtime': 69.417645007, '_step': 6, '_timestamp': 1742233135.650807, '_wandb': {'runtime': 69}, 'correct_predictions': 8573, 'epoch': 5, 'final_train_accuracy': 0.8794666666666666, 'final_train_loss': 0.15954175319816713, 'loss_function': 'mean_squared_error', 'test_accuracy': 0.8573, 'test_loss': 0.20118981733774088, 'total_predictions': 10000, 'train_accuracy': 0.8794666666666666, 'train_loss': 0.15954175319816713}","{'loss': 'mean_squared_error', 'epochs': 5, 'optimizer': 'adam', 'activation': 'relu', 'batch_size': 16, 'weight_init': 'xavier', 'weight_decay': 0.00011828729376021434, 'hidden_layers': [128, 128, 128, 128, 128], 'learning_rate': 0.0004137305229308512}",loss_comparison_mean_squared_error
59,"{'_runtime': 0.68986911, '_step': 0, '_timestamp': 1742233138.228068, '_wandb': {'runtime': 0}, 'accuracy_difference': 0, 'cross_entropy_final_train_loss': 0.5402024864828429, 'cross_entropy_test_accuracy': 0.8573, 'mean_squared_error_final_train_loss': 0.15954175319816713, 'mean_squared_error_test_accuracy': 0.8573}",{},loss_comparison_summary
